{"cameraMode":{"drawMode":0,"name":"Shaded","section":"Shading Mode"},"sceneLighting":true,"audioPlay":false,"sceneViewState":{"showFog":true,"showMaterialUpdate":false,"showSkybox":true,"showFlares":true,"showImageEffects":true,"showParticleSystems":true},"in2DMode":false,"pivot":{"x":2.107133626937866,"y":0.9989402890205383,"z":16.88904571533203},"rotation":{"x":0.020579209551215173,"y":-0.9694956541061401,"z":0.0874953418970108,"w":0.2280336171388626},"size":4.4851837158203129,"orthographic":false}