{"cameraMode":{"drawMode":0,"name":"Shaded","section":"Shading Mode"},"sceneLighting":false,"audioPlay":false,"sceneViewState":{"showFog":true,"showMaterialUpdate":false,"showSkybox":true,"showFlares":true,"showImageEffects":true,"showParticleSystems":true},"in2DMode":false,"pivot":{"x":3.487948417663574,"y":-1.5679352283477784,"z":-42.01441955566406},"rotation":{"x":-0.07225380092859268,"y":-0.9143145084381104,"z":0.18801899254322053,"w":-0.3513649106025696},"size":9.262351989746094,"orthographic":false}